evaluations_num, elapsed_secs, mean, stdev, best_fit
300, 2, 0.049468, 0.097418, 0.306649
500, 2, 0.051532, 0.099604, 0.312626
700, 2, 0.053254, 0.101734, 0.312626
900, 2, 0.055299, 0.103705, 0.312626
1100, 3, 0.061355, 0.125590, 0.999955
